rabvPeru|Amp1,      10:371,361,rabvPeru_1_LEFT,ACAAAATCAGAGAAGAAGCAGACAGC,rabvPeru_1_RIGHT,CGCCTTTTCGTGCAATCAGGAT
rabvPeru|Amp2,      274:639,365,rabvPeru_2_LEFT,GATGTATGTTCCTACTTGGCAGCA,rabvPeru_2_RIGHT,GTTGTCATCAGAGTGTGGTGCT
rabvPeru|Amp3,      530:921,391,rabvPeru_3_LEFT,CAGGACAAAACACCGGCAACTA,rabvPeru_3_RIGHT,GAGTGAGGAACAGCTGTCTCCT
rabvPeru|Amp4,      811:1188,377,rabvPeru_4_LEFT,CAGATTAATCTCACCGCAAGCGA,rabvPeru_4_RIGHT,TCAGCCGCCTCATATTCTCGAA
rabvPeru|Amp5,      1078:1505,427,rabvPeru_5_LEFT,GAGATGTCTGTTCTAGGGGGCT,rabvPeru_5_RIGHT,TGGTTCGAAAGGAGGGGTGTTA
rabvPeru|Amp6,      1397:1785,388,rabvPeru_6_LEFT,ACAAGACGTATTCAAGTGACTCATAAGG,rabvPeru_6_RIGHT,AGGCTAGGATCCTCTCCCTCAT
rabvPeru|Amp7,      1689:2076,387,rabvPeru_7_LEFT,TGATGGACAATCGCCTAACCCT,rabvPeru_7_RIGHT,GCAGACCAATCAAGTGCTGGAG
rabvPeru|Amp8,      1965:2326,361,rabvPeru_8_LEFT,AGAGCCCAAGAAGGAGACAACA,rabvPeru_8_RIGHT,TGAATTGGCCAAAGCAACCCAT
rabvPeru|Amp9,      2193:2555,362,rabvPeru_9_LEFT,TGAGCAGTTAAAAATGAACCTTGATGAT,rabvPeru_9_RIGHT,AGAGGGCTTTTGAGTGTCCTCA
rabvPeru|Amp10,      2445:2872,427,rabvPeru_10_LEFT,TGGGATGTCCTAGAGTCAACATGA,rabvPeru_10_RIGHT,TCAGCCCACTGGAAGATAAGGG
rabvPeru|Amp11,      2765:3165,400,rabvPeru_11_LEFT,GGGTTGGTCAAAGTTGTCATTGGA,rabvPeru_11_RIGHT,AAGCCCATGTGTTCTCTCCTCC
rabvPeru|Amp12,      3062:3475,413,rabvPeru_12_LEFT,AGGTCTGAAGAGGACAAGGACTC,rabvPeru_12_RIGHT,ATCCTTCGTCCTCCACAACCAA
rabvPeru|Amp13,      3376:3745,369,rabvPeru_13_LEFT,TCCCCATTTACACAATACCAGACAA,rabvPeru_13_RIGHT,TGGTCTTTACAGTCCGAAGCCA
rabvPeru|Amp14,      3658:4048,390,rabvPeru_14_LEFT,CTGCGTACAACTGGAAGATGGC,rabvPeru_14_RIGHT,TGAGTTTGCATGCTCCCTTTAGG
rabvPeru|Amp15,      3948:4372,424,rabvPeru_15_LEFT,ACCAATAGTAGAGGGAAGAGAGCA,rabvPeru_15_RIGHT,TCCGGACTGACTTGTAGTGAGC
rabvPeru|Amp16,      4259:4664,405,rabvPeru_16_LEFT,GAGTTTCAGACGTCTCAGTCATTTAAGA,rabvPeru_16_RIGHT,TCAACCCCAGAGACCTGTTTGT
rabvPeru|Amp17,      4562:4943,381,rabvPeru_17_LEFT,CCCTTTGGCAGACCCATCTACA,rabvPeru_17_RIGHT,CCCTGGAGGAAGGTGATTTTTGG
rabvPeru|Amp18,      4831:5229,398,rabvPeru_18_LEFT,GCGGGAAGGTCATATCTTCATGG,rabvPeru_18_RIGHT,TCATGTGGAGTCCGCTATCAGG
rabvPeru|Amp19,      5116:5514,398,rabvPeru_19_LEFT,CTCCAGGAACCGATACCAAAGG,rabvPeru_19_RIGHT,AGAGTTCCTCAGGATGTTGGGG
rabvPeru|Amp20,      5413:5813,400,rabvPeru_20_LEFT,TGCTAGATCCAGGAGAGGTCTATG,rabvPeru_20_RIGHT,AACAGCTTCTCTATGGGGGACG
rabvPeru|Amp21,      5701:6091,390,rabvPeru_21_LEFT,CAATGATCTCTCTCTGGTTATCCGG,rabvPeru_21_RIGHT,CCTTAGTCACAATTAGCAATCCCCA
rabvPeru|Amp22,      5975:6365,379,rabvPeru_22_LEFT,CTGGGACGAAGAGAAAACCATCTT,rabvPeru_22_RIGHT,GGCCTAAACTTTTCTGCTCTCTGG
rabvPeru|Amp23,      6251:6630,376,rabvPeru_23_LEFT,CATCGCTGGGGATCAAGTCTTG,rabvPeru_23_RIGHT,GTCGCTTGCTAAACACTCCTGG
rabvPeru|Amp24,      6526:6902,376,rabvPeru_24_LEFT,GGCATCCCTATATAGATTATCGAAAGGG,rabvPeru_24_RIGHT,TTCTCTGACAGCCAAGAAGCCA
rabvPeru|Amp25,      6796:7157,361,rabvPeru_25_LEFT,TCACGCAGATCTTCGAGATTCC,rabvPeru_25_RIGHT,GCGTCAAAGAGTGGCAAGATGT
rabvPeru|Amp26,      7058:7472,414,rabvPeru_26_LEFT,TGAGGGCCGATTCTTTGCTCTA,rabvPeru_26_RIGHT,CATGTTGGGCCGTTGGACATAT
rabvPeru|Amp27,      7331:7736,405,rabvPeru_27_LEFT,GGTGTTTGGTTTGAAGAGGGTGT,rabvPeru_27_RIGHT,AGCCCCAGTTTAGATGCTCCTT
rabvPeru|Amp28,      7641:8056,415,rabvPeru_28_LEFT,TCTCAGGAAGGGCTTCTCTACG,rabvPeru_28_RIGHT,CCCCCTCAGCACTCAGAATCTT
rabvPeru|Amp29,      7950:8346,396,rabvPeru_29_LEFT,CCGATGAGGGATTTCTTGCTCA,rabvPeru_29_RIGHT,AAGAATGGTAGGACTGGCTCCC
rabvPeru|Amp30,      8215:8640,425,rabvPeru_30_LEFT,CCTGGATTCATGCGTTGTGTCA,rabvPeru_30_RIGHT,CCCGTGGATCTCTGAGTTGTAGA
rabvPeru|Amp31,      8527:8941,414,rabvPeru_31_LEFT,TCCCAGAGTCGATCATTGGACT,rabvPeru_31_RIGHT,ATAGCTGGGTTGACATGGAGGT
rabvPeru|Amp32,      8840:9239,399,rabvPeru_32_LEFT,AGTTTCTGTATCAGTACTCCCATCCT,rabvPeru_32_RIGHT,TGGGTCAGATCGGACATAGTGT
rabvPeru|Amp33,      9126:9555,429,rabvPeru_33_LEFT,GCCTTACATAGGTTCAAGTCTGCC,rabvPeru_33_RIGHT,CCCGATATGGCGAGACTTCTCT
rabvPeru|Amp34,      9422:9850,428,rabvPeru_34_LEFT,CCCGGATGTATCAAAAAGGATATCCAG,rabvPeru_34_RIGHT,TCTCTCCTCTAAGAGACGGTTCTC
rabvPeru|Amp35,      9739:10122,383,rabvPeru_35_LEFT,TCAATAGACCTCTCGAACTGATCTCA,rabvPeru_35_RIGHT,ACTCATTTGTCGCAGGTTAGCT
rabvPeru|Amp36,      10012:10391,379,rabvPeru_36_LEFT,GTGCTAAAATGACATATCTGACCCTCA,rabvPeru_36_RIGHT,GCCCTTATGTCGAGCTCTGAGA
rabvPeru|Amp37,      10281:10664,383,rabvPeru_37_LEFT,AAGAAAGTGTCTCGCAAGGCAG,rabvPeru_37_RIGHT,CCTCCACTCATGATTGCCGAAG
rabvPeru|Amp38,      10561:10967,406,rabvPeru_38_LEFT,TGTTTCCAGATGCTAAGCTCGT,rabvPeru_38_RIGHT,GAGGGGAATGCTCTTGACAGGT
rabvPeru|Amp39,      10858:11252,394,rabvPeru_39_LEFT,TCGCGTTGTCTATAGATGGACCA,rabvPeru_39_RIGHT,AGGAAAGACTCTACATCGCTGTCA
rabvPeru|Amp40,      11137:11547,410,rabvPeru_40_LEFT,GGGCTCGTTCCTTGAACTATCA,rabvPeru_40_RIGHT,CCCTCGAATGACTTGCTTTCTGA
rabvPeru|Amp41,      11447:11813,366,rabvPeru_41_LEFT,TCTGTCTACTGCTTTAGGCGATGT,rabvPeru_41_RIGHT,TCCCGAGAGTATCCGGTCTACA
