rabvTanzDg|Amp1,28:409,381,rabvTanzDg_1_LEFT,CAGAAAGCGTCAGTTGCAAAGC,rabvTanzDg_1_RIGHT,GTCTGGGGTGATCTTGTCTCCT
rabvTanzDg|Amp2,276:620,344,rabvTanzDg_2_LEFT,TGTATGTTCCTACCTGGCAGCA,rabvTanzDg_2_RIGHT,GGGCTGTCTCGAAAATCTGCTC
rabvTanzDg|Amp3,530:919,389,rabvTanzDg_3_LEFT,CAGGACAAAACACCGGCAACTA,rabvTanzDg_3_RIGHT,CCCGGCTCGAACATTCTTCTTAT
rabvTanzDg|Amp4,767:1120,353,rabvTanzDg_4_LEFT,ATGAAGACTGTTCAGGGCTGGT,rabvTanzDg_4_RIGHT,GCCCCCTAGAACAGACATCTCA
rabvTanzDg|Amp5,1049:1403,354,rabvTanzDg_5_LEFT,CAACAGTTATTGCCGCATGTGC,rabvTanzDg_5_RIGHT,ATGAGTTTGGACGGGCTTGATG
rabvTanzDg|Amp6,1264:1656,392,rabvTanzDg_6_LEFT,ACCAGAAGTCCAGAAGCTGTCT,rabvTanzDg_6_RIGHT,CCCTGGAGATGAGCCTGATTGT
rabvTanzDg|Amp7,1553:1872,319,rabvTanzDg_7_LEFT,GTCTTGCCGATCTTGAGATGGC,rabvTanzDg_7_RIGHT,TTCTCCTGACCTCATTTGTCTGAC
rabvTanzDg|Amp8,1790:2153,363,rabvTanzDg_8_LEFT,TCCAGTCGTACTTGGACAACGT,rabvTanzDg_8_RIGHT,CTGCAATCTGGTGAGCGATCTC
rabvTanzDg|Amp9,2001:2388,387,rabvTanzDg_9_LEFT,GAGAGAAAGCCAATCCTCGAAGG,rabvTanzDg_9_RIGHT,CTATTCAGCTTGTCGGCTTCGA
rabvTanzDg|Amp10,2261:2656,395,rabvTanzDg_10_LEFT,TGGCCCATGACGGATCTAAACT,rabvTanzDg_10_RIGHT,ACTTATGAGTTCTTTCAGCGGGAC
rabvTanzDg|Amp11,2541:2900,359,rabvTanzDg_11_LEFT,CTCAAAAACCCTCTCCTGTGTCG,rabvTanzDg_11_RIGHT,CCTGGAATCAGCCCATTGGAAG
rabvTanzDg|Amp12,2784:3156,372,rabvTanzDg_12_LEFT,TTGGATTAGCCTTGTCAGGAGC,rabvTanzDg_12_RIGHT,ACGAGTGATAAACTTGCGGGAT
rabvTanzDg|Amp13,3009:3370,361,rabvTanzDg_13_LEFT,ACATGAACTCGAGAGCATGTCAAC,rabvTanzDg_13_RIGHT,AAGGGGTACAAACAAAAGAGCCT
rabvTanzDg|Amp14,3253:3667,414,rabvTanzDg_14_LEFT,ACATTTTGAGCCTCTTGGATGTGA,rabvTanzDg_14_RIGHT,CTGGTATTGGGCGGAAATGCTT
rabvTanzDg|Amp15,3528:3881,353,rabvTanzDg_15_LEFT,GCCATAAAGGTGAACGGGTTCA,rabvTanzDg_15_RIGHT,GTTATTCCTGAGCACTTCCCGC
rabvTanzDg|Amp16,3776:4130,354,rabvTanzDg_16_LEFT,ATCCCCAAGTGTGGCAGATTTG,rabvTanzDg_16_RIGHT,GATGTTTGCATCGCGACCCATG
rabvTanzDg|Amp17,4023:4393,370,rabvTanzDg_17_LEFT,TCTCTGAAAGGAGCATGCAAGC,rabvTanzDg_17_RIGHT,TCCGGACTGACTTGTAGTGAGC
rabvTanzDg|Amp18,4285:4633,348,rabvTanzDg_18_LEFT,GAAAACTTGTCCCTGGGTTCGG,rabvTanzDg_18_RIGHT,CCTCAGCCTCATCTCCATCCTT
rabvTanzDg|Amp19,4547:4911,364,rabvTanzDg_19_LEFT,TATTCCCCTGATGCACCCTCTG,rabvTanzDg_19_RIGHT,TTACAGTCTAGTCTCACCCCCG
rabvTanzDg|Amp20,4767:5127,360,rabvTanzDg_20_LEFT,CGGCCAGAATCTAAGCAATGCA,rabvTanzDg_20_RIGHT,AGCACCATTGGTCACTGAAACC
rabvTanzDg|Amp21,5029:5410,381,rabvTanzDg_21_LEFT,CTCAGTTGATCACACAAGGTCATGT,rabvTanzDg_21_RIGHT,TGAGAAGTGTTGCCAGTTGCTC
rabvTanzDg|Amp22,5283:5645,362,rabvTanzDg_22_LEFT,TCTTGCATCTCAGCAGAGTGTG,rabvTanzDg_22_RIGHT,GACCTGGAGCAATTGTCTGTCAG
rabvTanzDg|Amp23,5505:5911,406,rabvTanzDg_23_LEFT,ACTCTGACTACAACCTCAACTCTCC,rabvTanzDg_23_RIGHT,TCATAATCGACTCTCTCAAGGCAAC
rabvTanzDg|Amp24,5785:6172,387,rabvTanzDg_24_LEFT,GTCATCCCCCATAGAGAAGCTGT,rabvTanzDg_24_RIGHT,AGCATAAGTGTGTAGTTTCTGTCAAAAA
rabvTanzDg|Amp25,6011:6410,399,rabvTanzDg_25_LEFT,TTAACCTCGGTGGACATTGGGA,rabvTanzDg_25_RIGHT,ACAGGAAAGTCTCCCAAGGAATGA
rabvTanzDg|Amp26,6252:6665,413,rabvTanzDg_26_LEFT,CTGGGGATCAAGTCCTGTCCAT,rabvTanzDg_26_RIGHT,AAGAATCCTCCTGGCTAGGTCG
rabvTanzDg|Amp27,6501:6905,404,rabvTanzDg_27_LEFT,ATGGTTGTTACAGGCATTGGGG,rabvTanzDg_27_RIGHT,GAGGCTAGTCTCGTTCTGGTGAA
rabvTanzDg|Amp28,6768:7147,379,rabvTanzDg_28_LEFT,GGGATACATGGCATAAGCTCCC,rabvTanzDg_28_RIGHT,GCCAAGAGCTTTTCGGTGATGA
rabvTanzDg|Amp29,7038:7372,334,rabvTanzDg_29_LEFT,AACGAGAACTGAAGATCGAGGGT,rabvTanzDg_29_RIGHT,ACACCCTCTTCAATCCAAACACC
rabvTanzDg|Amp30,7300:7638,338,rabvTanzDg_30_LEFT,AGAGGATGTCTTCTCTGTCCTGG,rabvTanzDg_30_RIGHT,ATGTCGGGCATAGAACCTGGTT
rabvTanzDg|Amp31,7505:7869,364,rabvTanzDg_31_LEFT,CAGAAGGGCTGGAGTCTAGTCA,rabvTanzDg_31_RIGHT,AGGAGACTCTGGCCCATCTTTT
rabvTanzDg|Amp32,7781:8151,370,rabvTanzDg_32_LEFT,GGGAAAACTCCCTTGTTTCGAGG,rabvTanzDg_32_RIGHT,TCCCGAGAGACATTCCAGACAC
rabvTanzDg|Amp33,8048:8410,362,rabvTanzDg_33_LEFT,GGGGAGAGCTTTCTTCTAGCCA,rabvTanzDg_33_RIGHT,ACCTTGTCCACCTCGTCATACA
rabvTanzDg|Amp34,8254:8670,416,rabvTanzDg_34_LEFT,TGGAGAAAGAACACTCGAGAGCT,rabvTanzDg_34_RIGHT,TCATCCGATTGATCCCGTGGAT
rabvTanzDg|Amp35,8508:8891,383,rabvTanzDg_35_LEFT,CGTCCTTCTTGGGAATCCCTGA,rabvTanzDg_35_RIGHT,TCGAAAGATGGGAGTACTGATACAGA
rabvTanzDg|Amp36,8774:9129,355,rabvTanzDg_36_LEFT,GGGTTACTTCCCAAGTCCTCCA,rabvTanzDg_36_RIGHT,TGAAAACAGGGGCCTCCTCTAG
rabvTanzDg|Amp37,9024:9404,380,rabvTanzDg_37_LEFT,ACTCTAACTTGGCTCAGACTCTGA,rabvTanzDg_37_RIGHT,GTCAATGGGCCTTACACACCTG
rabvTanzDg|Amp38,9285:9623,338,rabvTanzDg_38_LEFT,AGACATGGACATCAGAGCTGGT,rabvTanzDg_38_RIGHT,TCCTGAGTCGTGAATTGCCACT
rabvTanzDg|Amp39,9553:9900,347,rabvTanzDg_39_LEFT,GGCTCAGGGGCTCTTATACTCA,rabvTanzDg_39_RIGHT,AAGCAGCGGGAATTTTCTGAGG
rabvTanzDg|Amp40,9786:10130,344,rabvTanzDg_40_LEFT,GGCTGGATAATCACCCCTCCTT,rabvTanzDg_40_RIGHT,TCGCAGGTTAGCTCTCATACCC
rabvTanzDg|Amp41,10041:10408,367,rabvTanzDg_41_LEFT,ACCAGTCTCATCTCCTACTCCAGA,rabvTanzDg_41_RIGHT,GCCCTTATGTCGAGCTCTGAGA
rabvTanzDg|Amp42,10256:10650,394,RabvTanzDg_42_LEFT,ACTGGAGATTACAGCCCCAACA,RabvTanzDg_42_RIGHT,GATGTGTTCCGGAAGCCATCAG
rabvTanzDg|Amp43,10530:10904,374,RabvTanzDg_43_LEFT,GGGGGATATCAAGGGCAGTTCT,RabvTanzDg_43_RIGHT,CAGTGGTCCATCTATAGACAATGCG
rabvTanzDg|Amp44,10751:11155,404,RabvTanzDg_44_LEFT,TCAGTCCAAAAACAGGTCAACATGT,RabvTanzDg_44_RIGHT,CTCTGCATCTCACTTTTGGGGC
rabvTanzDg|Amp45,11017:11397,380,RabvTanzDg_45_LEFT,TCGATTCTCCAAACGAGGGAAGT,RabvTanzDg_45_RIGHT,ATGGGTCAGTCAAGGGTTTGGA
rabvTanzDg|Amp46,11283:11661,378,RabvTanzDg_46_LEFT,GGGGAACTCTGTCTAAAGTGGC,RabvTanzDg_46_RIGHT,ACCTGATCCAGTGAGACGACAG
rabvTanzDg|Amp47,11521:11922,401,RabvTanzDg_47_LEFT,CAGAAAGCAGGTCATTCGAGGG,RabvTanzDg_47_RIGHT,GAAAGAAACAATCAAACAGCCAGAGG
